Electrochemistry,Bioelectrochemistry,,,,,,,,,,
Electrochemistry,Corrosion,Corrosion_prevention,Corrosion_inhibitors,,,,,,,,
Electrochemistry,Corrosion,Corrosive_substances,Lithium,Isotopes_of_lithium,,,,,,,
Electrochemistry,Corrosion,Corrosive_substances,Lithium,Lithia_water,,,,,,,
Electrochemistry,Corrosion,Corrosive_substances,Lithium,Lithium-ion_batteries,,,,,,,
Electrochemistry,Corrosion,Corrosive_substances,Lithium,Lithium_compounds,Lithium_minerals,,,,,,
Electrochemistry,Corrosion,Corrosive_substances,Lithium,Lithium_compounds,Organolithium_compounds,,,,,,
Electrochemistry,Corrosion,Corrosive_substances,Lithium,Lithium_mining,Lithium_mines,Lithium_mines_by_country,Lithium_mines_in_Argentina,,,,
Electrochemistry,Corrosion,Corrosive_substances,Lithium,Lithium_mining,Lithium_mines,Lithium_mines_by_country,Lithium_mines_in_Australia,,,,
Electrochemistry,Corrosion,Corrosive_substances,Lithium,Lithium_mining,Lithium_mines,Lithium_mines_by_country,Lithium_mines_in_Bolivia,,,,
Electrochemistry,Corrosion,Corrosive_substances,Lithium,Lithium_mining,Lithium_mines,Lithium_mines_by_country,Lithium_mines_in_Canada,,,,
Electrochemistry,Corrosion,Corrosive_substances,Lithium,Lithium_mining,Lithium_mines,Lithium_mines_by_country,Lithium_mines_in_China,,,,
Electrochemistry,Corrosion,Corrosive_substances,Lithium,Lithium_mining,Lithium_mines,Lithium_mines_by_country,Lithium_mines_in_Russia,,,,
Electrochemistry,Corrosion,Corrosive_substances,Lithium,Lithium_mining,Lithium_mines,Lithium_mines_by_country,Lithium_mines_in_Serbia,,,,
Electrochemistry,Corrosion,Corrosive_substances,Lithium,Lithium_mining,Lithium_mines,Lithium_mines_by_country,Lithium_mines_in_Zimbabwe,,,,
Electrochemistry,Corrosion,Corrosive_substances,Lithium,Lithium_mining,Lithium_mines,Lithium_mines_by_country,Lithium_mines_in_the_Democratic_Republic_of_the_Congo,,,,
Electrochemistry,Corrosion,Corrosive_substances,Lithium,Lithium_mining,Lithium_mines,Lithium_mines_by_country,Lithium_mines_in_the_United_States,,,,
Electrochemistry,Electroanalytical_chemistry,Electroanalytical_chemistry_devices,Coulometers,,,,,,,,
Electrochemistry,Electroanalytical_chemistry,Electroanalytical_methods,Electrophoresis,,,,,,,,
Electrochemistry,Electrochemical_cells,Electrolytic_cells,,,,,,,,,
Electrochemistry,Electrochemical_cells,Galvanic_cells,Battery_(electricity),Battery_inventors,,,,,,,
Electrochemistry,Electrochemical_cells,Galvanic_cells,Battery_(electricity),Battery_manufacturers,Consumer_battery_manufacturers,Energizer_Holdings,,,,,
Electrochemistry,Electrochemical_cells,Galvanic_cells,Battery_(electricity),Battery_manufacturers,Electric_vehicle_battery_manufacturers,Johnson_Controls,Tyco_International,,,,
Electrochemistry,Electrochemical_cells,Galvanic_cells,Battery_(electricity),Battery_manufacturers,Motor_vehicle_battery_manufacturers,Johnson_Controls,Tyco_International,,,,
Electrochemistry,Electrochemical_cells,Galvanic_cells,Battery_(electricity),Battery_manufacturers,Motor_vehicle_battery_manufacturers,Volvo_Group,Mack_Trucks,Mack_Trucks_vehicles,,,
Electrochemistry,Electrochemical_cells,Galvanic_cells,Battery_(electricity),Battery_manufacturers,Motor_vehicle_battery_manufacturers,Volvo_Group,Renault_trucks,,,,
Electrochemistry,Electrochemical_cells,Galvanic_cells,Battery_(electricity),Battery_manufacturers,Motor_vehicle_battery_manufacturers,Volvo_Group,Volvo_Trucks,Volvo_Trucks_vehicles,,,
Electrochemistry,Electrochemical_cells,Galvanic_cells,Battery_(electricity),Battery_manufacturers,Motor_vehicle_battery_manufacturers,Volvo_Group,Volvo_Trucks,Volvo_military_vehicles,,,
Electrochemistry,Electrochemical_cells,Galvanic_cells,Battery_(electricity),Battery_manufacturers,Motor_vehicle_battery_manufacturers,Volvo_Group,Volvo_Trucks,White_Motor_Company,,,
Electrochemistry,Electrochemical_cells,Galvanic_cells,Battery_(electricity),Battery_manufacturers,Motor_vehicle_battery_manufacturers,Volvo_Group,Volvo_buses,,,,
Electrochemistry,Electrochemical_cells,Galvanic_cells,Battery_(electricity),Battery_recycling,,,,,,,
Electrochemistry,Electrochemical_cells,Galvanic_cells,Battery_(electricity),Battery_shapes,,,,,,,
Electrochemistry,Electrochemical_cells,Galvanic_cells,Battery_(electricity),Battery_types,Battery_applications,,,,,,
Electrochemistry,Electrochemical_cells,Galvanic_cells,Battery_(electricity),Battery_types,Disposable_batteries,Metal-ion_batteries,Lithium-ion_batteries,,,,
Electrochemistry,Electrochemical_cells,Galvanic_cells,Battery_(electricity),Battery_types,Dry_cell_batteries,Solid-state_batteries,,,,,
Electrochemistry,Electrochemical_cells,Galvanic_cells,Battery_(electricity),Battery_types,Lithium-ion_batteries,,,,,,
Electrochemistry,Electrochemical_cells,Galvanic_cells,Battery_(electricity),Battery_types,Metal_oxide–zinc_batteries,,,,,,
Electrochemistry,Electrochemical_cells,Galvanic_cells,Battery_(electricity),Battery_types,Metal–air_batteries,,,,,,
Electrochemistry,Electrochemical_cells,Galvanic_cells,Battery_(electricity),Battery_types,Rechargeable_batteries,Battery_chargers,Charging_stations,,,,
Electrochemistry,Electrochemical_cells,Galvanic_cells,Battery_(electricity),Battery_types,Rechargeable_batteries,Battery_chargers,Electric_vehicle_infrastructure_developers,,,,
Electrochemistry,Electrochemical_cells,Galvanic_cells,Battery_(electricity),Battery_types,Rechargeable_batteries,Battery_charging,Automotive_charging_circuits,,,,
Electrochemistry,Electrochemical_cells,Galvanic_cells,Battery_(electricity),Battery_types,Rechargeable_batteries,Battery_charging,Battery_chargers,Charging_stations,,,
Electrochemistry,Electrochemical_cells,Galvanic_cells,Battery_(electricity),Battery_types,Rechargeable_batteries,Battery_charging,Battery_chargers,Electric_vehicle_infrastructure_developers,,,
Electrochemistry,Electrochemical_cells,Galvanic_cells,Battery_(electricity),Battery_types,Rechargeable_batteries,Battery_charging,Charging_stations,,,,
Electrochemistry,Electrochemical_cells,Galvanic_cells,Battery_(electricity),Battery_types,Rechargeable_batteries,Battery_charging,Wireless_energy_transfer,,,,
Electrochemistry,Electrochemical_cells,Galvanic_cells,Battery_(electricity),Battery_types,Rechargeable_batteries,Flow_batteries,,,,,
Electrochemistry,Electrochemical_cells,Galvanic_cells,Battery_(electricity),Battery_types,Rechargeable_batteries,Lithium-ion_batteries,,,,,
Electrochemistry,Electrochemical_cells,Galvanic_cells,Battery_(electricity),Battery_types,Rechargeable_batteries,Metal-ion_batteries,Lithium-ion_batteries,,,,
Electrochemistry,Electrochemical_cells,Galvanic_cells,Battery_(electricity),Battery_types,Rechargeable_batteries,Metal-sulfur_batteries,,,,,
Electrochemistry,Electrochemical_cells,Galvanic_cells,Battery_(electricity),Battery_types,Rechargeable_batteries,Motor_vehicle_batteries,Deep_cycle_automotive_batteries,Electric_vehicle_battery_manufacturers,Johnson_Controls,Tyco_International,
Electrochemistry,Electrochemical_cells,Galvanic_cells,Battery_(electricity),Battery_types,Rechargeable_batteries,Motor_vehicle_batteries,Motor_vehicle_battery_manufacturers,Johnson_Controls,Tyco_International,,
Electrochemistry,Electrochemical_cells,Galvanic_cells,Battery_(electricity),Battery_types,Rechargeable_batteries,Motor_vehicle_batteries,Motor_vehicle_battery_manufacturers,Volvo_Group,Mack_Trucks,Mack_Trucks_vehicles,
Electrochemistry,Electrochemical_cells,Galvanic_cells,Battery_(electricity),Battery_types,Rechargeable_batteries,Motor_vehicle_batteries,Motor_vehicle_battery_manufacturers,Volvo_Group,Renault_trucks,,
Electrochemistry,Electrochemical_cells,Galvanic_cells,Battery_(electricity),Battery_types,Rechargeable_batteries,Motor_vehicle_batteries,Motor_vehicle_battery_manufacturers,Volvo_Group,Volvo_Trucks,Volvo_Trucks_vehicles,
Electrochemistry,Electrochemical_cells,Galvanic_cells,Battery_(electricity),Battery_types,Rechargeable_batteries,Motor_vehicle_batteries,Motor_vehicle_battery_manufacturers,Volvo_Group,Volvo_Trucks,Volvo_military_vehicles,
Electrochemistry,Electrochemical_cells,Galvanic_cells,Battery_(electricity),Battery_types,Rechargeable_batteries,Motor_vehicle_batteries,Motor_vehicle_battery_manufacturers,Volvo_Group,Volvo_Trucks,White_Motor_Company,
Electrochemistry,Electrochemical_cells,Galvanic_cells,Battery_(electricity),Battery_types,Rechargeable_batteries,Motor_vehicle_batteries,Motor_vehicle_battery_manufacturers,Volvo_Group,Volvo_buses,,
Electrochemistry,Electrochemical_cells,Galvanic_cells,Battery_(electricity),Battery_types,Rechargeable_batteries,Nickel–metal_hydride_batteries,,,,,
Electrochemistry,Electrochemical_cells,Galvanic_cells,Battery_(electricity),Battery_types,Wet_cell_batteries,,,,,,
Electrochemistry,Electrochemical_cells,Galvanic_cells,Battery_(electricity),Mobile_phones_with_user-replaceable_battery,,,,,,,
Electrochemistry,Electrochemical_cells,Galvanic_cells,Fuel_cells,Fuel_cell_manufacturers,,,,,,,
Electrochemistry,Electrochemical_cells,Galvanic_cells,Fuel_cells,Fuel_cell_standards,,,,,,,
Electrochemistry,Electrochemical_cells,Galvanic_cells,Fuel_cells,Fuel_cell_vehicles,Fuel_cell_buses,,,,,,
Electrochemistry,Electrochemical_cells,Galvanic_cells,Fuel_cells,Metal–air_batteries,,,,,,,
Electrochemistry,Electrochemical_engineering,Electrochemical_cells,Electrolytic_cells,,,,,,,,
Electrochemistry,Electrochemical_engineering,Electrochemical_cells,Galvanic_cells,Battery_(electricity),Battery_inventors,,,,,,
Electrochemistry,Electrochemical_engineering,Electrochemical_cells,Galvanic_cells,Battery_(electricity),Battery_manufacturers,Consumer_battery_manufacturers,Energizer_Holdings,,,,
Electrochemistry,Electrochemical_engineering,Electrochemical_cells,Galvanic_cells,Battery_(electricity),Battery_manufacturers,Electric_vehicle_battery_manufacturers,Johnson_Controls,Tyco_International,,,
Electrochemistry,Electrochemical_engineering,Electrochemical_cells,Galvanic_cells,Battery_(electricity),Battery_manufacturers,Motor_vehicle_battery_manufacturers,Johnson_Controls,Tyco_International,,,
Electrochemistry,Electrochemical_engineering,Electrochemical_cells,Galvanic_cells,Battery_(electricity),Battery_manufacturers,Motor_vehicle_battery_manufacturers,Volvo_Group,Mack_Trucks,Mack_Trucks_vehicles,,
Electrochemistry,Electrochemical_engineering,Electrochemical_cells,Galvanic_cells,Battery_(electricity),Battery_manufacturers,Motor_vehicle_battery_manufacturers,Volvo_Group,Renault_trucks,,,
Electrochemistry,Electrochemical_engineering,Electrochemical_cells,Galvanic_cells,Battery_(electricity),Battery_manufacturers,Motor_vehicle_battery_manufacturers,Volvo_Group,Volvo_Trucks,Volvo_Trucks_vehicles,,
Electrochemistry,Electrochemical_engineering,Electrochemical_cells,Galvanic_cells,Battery_(electricity),Battery_manufacturers,Motor_vehicle_battery_manufacturers,Volvo_Group,Volvo_Trucks,Volvo_military_vehicles,,
Electrochemistry,Electrochemical_engineering,Electrochemical_cells,Galvanic_cells,Battery_(electricity),Battery_manufacturers,Motor_vehicle_battery_manufacturers,Volvo_Group,Volvo_Trucks,White_Motor_Company,,
Electrochemistry,Electrochemical_engineering,Electrochemical_cells,Galvanic_cells,Battery_(electricity),Battery_manufacturers,Motor_vehicle_battery_manufacturers,Volvo_Group,Volvo_buses,,,
Electrochemistry,Electrochemical_engineering,Electrochemical_cells,Galvanic_cells,Battery_(electricity),Battery_recycling,,,,,,
Electrochemistry,Electrochemical_engineering,Electrochemical_cells,Galvanic_cells,Battery_(electricity),Battery_shapes,,,,,,
Electrochemistry,Electrochemical_engineering,Electrochemical_cells,Galvanic_cells,Battery_(electricity),Battery_types,Battery_applications,,,,,
Electrochemistry,Electrochemical_engineering,Electrochemical_cells,Galvanic_cells,Battery_(electricity),Battery_types,Disposable_batteries,Metal-ion_batteries,Lithium-ion_batteries,,,
Electrochemistry,Electrochemical_engineering,Electrochemical_cells,Galvanic_cells,Battery_(electricity),Battery_types,Dry_cell_batteries,Solid-state_batteries,,,,
Electrochemistry,Electrochemical_engineering,Electrochemical_cells,Galvanic_cells,Battery_(electricity),Battery_types,Lithium-ion_batteries,,,,,
Electrochemistry,Electrochemical_engineering,Electrochemical_cells,Galvanic_cells,Battery_(electricity),Battery_types,Metal_oxide–zinc_batteries,,,,,
Electrochemistry,Electrochemical_engineering,Electrochemical_cells,Galvanic_cells,Battery_(electricity),Battery_types,Metal–air_batteries,,,,,
Electrochemistry,Electrochemical_engineering,Electrochemical_cells,Galvanic_cells,Battery_(electricity),Battery_types,Rechargeable_batteries,Battery_chargers,Charging_stations,,,
Electrochemistry,Electrochemical_engineering,Electrochemical_cells,Galvanic_cells,Battery_(electricity),Battery_types,Rechargeable_batteries,Battery_chargers,Electric_vehicle_infrastructure_developers,,,
Electrochemistry,Electrochemical_engineering,Electrochemical_cells,Galvanic_cells,Battery_(electricity),Battery_types,Rechargeable_batteries,Battery_charging,Automotive_charging_circuits,,,
Electrochemistry,Electrochemical_engineering,Electrochemical_cells,Galvanic_cells,Battery_(electricity),Battery_types,Rechargeable_batteries,Battery_charging,Battery_chargers,Charging_stations,,
Electrochemistry,Electrochemical_engineering,Electrochemical_cells,Galvanic_cells,Battery_(electricity),Battery_types,Rechargeable_batteries,Battery_charging,Battery_chargers,Electric_vehicle_infrastructure_developers,,
Electrochemistry,Electrochemical_engineering,Electrochemical_cells,Galvanic_cells,Battery_(electricity),Battery_types,Rechargeable_batteries,Battery_charging,Charging_stations,,,
Electrochemistry,Electrochemical_engineering,Electrochemical_cells,Galvanic_cells,Battery_(electricity),Battery_types,Rechargeable_batteries,Battery_charging,Wireless_energy_transfer,,,
Electrochemistry,Electrochemical_engineering,Electrochemical_cells,Galvanic_cells,Battery_(electricity),Battery_types,Rechargeable_batteries,Flow_batteries,,,,
Electrochemistry,Electrochemical_engineering,Electrochemical_cells,Galvanic_cells,Battery_(electricity),Battery_types,Rechargeable_batteries,Lithium-ion_batteries,,,,
Electrochemistry,Electrochemical_engineering,Electrochemical_cells,Galvanic_cells,Battery_(electricity),Battery_types,Rechargeable_batteries,Metal-ion_batteries,Lithium-ion_batteries,,,
Electrochemistry,Electrochemical_engineering,Electrochemical_cells,Galvanic_cells,Battery_(electricity),Battery_types,Rechargeable_batteries,Metal-sulfur_batteries,,,,
Electrochemistry,Electrochemical_engineering,Electrochemical_cells,Galvanic_cells,Battery_(electricity),Battery_types,Rechargeable_batteries,Motor_vehicle_batteries,Deep_cycle_automotive_batteries,Electric_vehicle_battery_manufacturers,Johnson_Controls,Tyco_International
Electrochemistry,Electrochemical_engineering,Electrochemical_cells,Galvanic_cells,Battery_(electricity),Battery_types,Rechargeable_batteries,Motor_vehicle_batteries,Motor_vehicle_battery_manufacturers,Johnson_Controls,Tyco_International,
Electrochemistry,Electrochemical_engineering,Electrochemical_cells,Galvanic_cells,Battery_(electricity),Battery_types,Rechargeable_batteries,Motor_vehicle_batteries,Motor_vehicle_battery_manufacturers,Volvo_Group,Mack_Trucks,Mack_Trucks_vehicles
Electrochemistry,Electrochemical_engineering,Electrochemical_cells,Galvanic_cells,Battery_(electricity),Battery_types,Rechargeable_batteries,Motor_vehicle_batteries,Motor_vehicle_battery_manufacturers,Volvo_Group,Renault_trucks,
Electrochemistry,Electrochemical_engineering,Electrochemical_cells,Galvanic_cells,Battery_(electricity),Battery_types,Rechargeable_batteries,Motor_vehicle_batteries,Motor_vehicle_battery_manufacturers,Volvo_Group,Volvo_Trucks,Volvo_Trucks_vehicles
Electrochemistry,Electrochemical_engineering,Electrochemical_cells,Galvanic_cells,Battery_(electricity),Battery_types,Rechargeable_batteries,Motor_vehicle_batteries,Motor_vehicle_battery_manufacturers,Volvo_Group,Volvo_Trucks,Volvo_military_vehicles
Electrochemistry,Electrochemical_engineering,Electrochemical_cells,Galvanic_cells,Battery_(electricity),Battery_types,Rechargeable_batteries,Motor_vehicle_batteries,Motor_vehicle_battery_manufacturers,Volvo_Group,Volvo_Trucks,White_Motor_Company
Electrochemistry,Electrochemical_engineering,Electrochemical_cells,Galvanic_cells,Battery_(electricity),Battery_types,Rechargeable_batteries,Motor_vehicle_batteries,Motor_vehicle_battery_manufacturers,Volvo_Group,Volvo_buses,
Electrochemistry,Electrochemical_engineering,Electrochemical_cells,Galvanic_cells,Battery_(electricity),Battery_types,Rechargeable_batteries,Nickel–metal_hydride_batteries,,,,
Electrochemistry,Electrochemical_engineering,Electrochemical_cells,Galvanic_cells,Battery_(electricity),Battery_types,Wet_cell_batteries,,,,,
Electrochemistry,Electrochemical_engineering,Electrochemical_cells,Galvanic_cells,Battery_(electricity),Mobile_phones_with_user-replaceable_battery,,,,,,
Electrochemistry,Electrochemical_engineering,Electrochemical_cells,Galvanic_cells,Fuel_cells,Fuel_cell_manufacturers,,,,,,
Electrochemistry,Electrochemical_engineering,Electrochemical_cells,Galvanic_cells,Fuel_cells,Fuel_cell_standards,,,,,,
Electrochemistry,Electrochemical_engineering,Electrochemical_cells,Galvanic_cells,Fuel_cells,Fuel_cell_vehicles,Fuel_cell_buses,,,,,
Electrochemistry,Electrochemical_engineering,Electrochemical_cells,Galvanic_cells,Fuel_cells,Metal–air_batteries,,,,,,
Electrochemistry,Electrochemical_equations,,,,,,,,,,
Electrochemistry,Electrochemistry_journals,,,,,,,,,,
Electrochemistry,Electrochemists,,,,,,,,,,
Electrochemistry,Electrodes,Transparent_electrodes,,,,,,,,,
Electrochemistry,Electrolysis,Electrolytic_cells,,,,,,,,,
Electrochemistry,Electrolytes,Polyelectrolytes,,,,,,,,,
Electrochemistry,Photoelectrochemistry,,,,,,,,,,
Electrochemistry,Redox_indicators,,,,,,,,,,
